[
    {
        "nombre":"Step",
        "descripcion":"Como unas escaleras pero no lo son",
        "tipo":[
            "Cardio",
            "Tonificación"
        ],
        "duracion": 30,
        "calorias":2000,
        "beneficios":[
            "Resistencia",
            "Movilidad articular"
        ]
    },
    {
        "nombre":"Boxeo",
        "descripcion":"Consiste en darse leches",
        "tipo":[
            "Box",
            "Resistencia"
        ],
        "duracion": 60,
        "calorias": 4000,
        "beneficios":[
            "Coordinacion",
            "Movilidad Control postural",
            "Resistencia"
        ]
    },
    {
        "nombre":"Yoga",
        "descripcion":"Relajao, Relajao, Relajao, Relajao, Relajao",
        "tipo":[
            "Elasticidad"
        ],
        "duracion": 60,
        "calorias":300,
        "beneficios":[
            "Relajacion",
            "Movilidad articular",
            "Control abdominal"
        ]
    }
]